text,category
עובר ושב,פיננסי
מס' לקוח ,פיננסי
סך החיוב הקרוב עבור כרטיסי אשראי,פיננסי
העברת כספים ,פיננסי
תנועות בחשבון,פיננסי
כרטיסי אשראי שהונפקו על ידי לאומי ,פיננסי
ריכוז יתרות,פיננסי
שערוך תיק ניירות הערך אינו סופי עבור לאומי טרייד,פיננסי
בנק לאומי,פיננסי
בנק הפועלים,פיננסי
בנק דיסקונט,פיננסי
בנק אוצר החייל,פיננסי
בנק מזרחי טפחות,פיננסי
בנק ירושלים,פיננסי
בנק אגוד,פיננסי
בנק הפועלים למשכנתאות,פיננסי
בנק מימון למשכנתאות,פיננסי
סך יתרות בזכות,פיננסי
פירוט מסגרות אשראי ,פיננסי
חשבון בבנק,פיננסי
החשבונית המצורפת מתייחסת לחשבון שלך,פיננסי
העברנו את הסכום לחשבונך בהצלחה,פיננסי
חשבונך עומד בסכום יתרה הנדרשת,פיננסי
העיסקה בוצעה בהצלחה,פיננסי
הכנסנו עדכון חשוב לחשבון שלך,פיננסי
"נכון ל-יום, יתרת האשראי שלך עומדת על",פיננסי
פיקדונות וחסכונות,פיננסי
ניירות ערך,פיננסי
לצפייה בנתוני זמן אמת עובר לאתר לאומי טרייד ,פיננסי
כרטיס אשראי חוץ בנקאיים,פיננסי
יתרות בזכות,פיננסי
יתרות בחובה ,פיננסי
ריכוז הלוואות ומשכנתאות,פיננסי
ריכוז ערבויות,פיננסי
פירוט הלוואה שקלית,פיננסי
הזמנת מסמכי משכנתאות,פיננסי
מחשבון משכנתא,פיננסי
בקשת משכנא,פיננסי
הלוואת דיור שאינה משכנתא ,פיננסי
הלוואת דיגיטל ,פיננסי
"ריכוז יתרות מט""ח",פיננסי
"תנועת בחשבון מט""ח",פיננסי
ריכוז יתרות לפי מטבע,פיננסי
עסקאות עתידיות,פיננסי
עסקאות עתידיות ריבית,פיננסי
ביצוע תשלום במטבע חוץ,פיננסי
הזמנת פנקסי שיקים,פיננסי
שליפת שיקים דחויים,פיננסי
ביטול שיקים,פיננסי
הפקת פלט לשיק שחזר,פיננסי
משיכה מפיקדון,פיננסי
משיכה מחיסכון,פיננסי
הפקדה לפיקדון מובנה,פיננסי
פתיחת תיק ניירות ערך חדש,פיננסי
ריכוז יתרות,פיננסי
פירוט יתרות,פיננסי
"דוחות שנתיים ת""ז בנקאית",פיננסי
בקשת העתק מדוח האשראי,פיננסי
דוח תשואה ונתוני פעילות בפיקדון נירות ערך,פיננסי
אישור ניכוי מס,פיננסי
אישור יתרות לסוף השנה,פיננסי
אישור בעלות חשבון,פיננסי
הצהרה על הפקדה,פיננסי
סטטוס הצהרות,פיננסי
רשימת מצהירים,פיננסי
העברת מידע לחברות חיצוניות,פיננסי
מתן הוראות ביצוע דוקומנטים לגביה יבוא,פיננסי
מתן הוראות ביצוע אשראי דוקומונטרי יבוא,פיננסי
ניהול מוטבים,פיננסי
דוח מוטבים ללקוח,פיננסי
הודאר שלי בסחר בינלאומי,פיננסי
פירוט פעילות כספית,פיננסי
מעקב אחר פעולות,פיננסי
תשלומי שבוצעו,פיננסי
תמורות שהתקבלו,פיננסי
הזמנת דוחות חד פעמיים,פיננסי
הזמנת דוחות שוטפים,פיננסי
צפייה בדוחות,פיננסי
ריכוז הוראות,פיננסי
חיפוש הוראות,פיננסי
תשלום עבור יבוא סחורות או שירותים שקיבלת מתושב חוץ בארץ ,פיננסי
העברת תשלום שאינו עבור סחורות/שירותים,פיננסי
הוראת קבע ,פיננסי
רשימת המוטבים,פיננסי
"בנק לאומי לישראל בע""מ",פיננסי
אנו מצהירים כי קיבלנו את הסכמת המוטב לביצוע ההעברה. אתם רשאים למסור למוטב את שמותינו ומספר חשבוננו.,פיננסי
"אם המוטב או הבנק שלו יורו לכם בכל עת שהיא להחזיר לנו את הסכום הנ""ל, תהיו רשאים לזכות את חשבוננו לפי הוראותיהם",פיננסי
"תהיו רשאים לזכות את חשבוננו בסכום הנ""ל בכל מקרה אחר שההעברה לא תסתיים בהצלחה",פיננסי
ביצוע הפעולה מותנה באישור הבנק ,פיננסי
לא קיימות הלוואות למספר לקוח זה,פיננסי
קיימות הלוואות למספר לקוח זה,פיננסי
ערבויות להבטחת הלוואות,פיננסי
לא קיימות הלוואות תחת חשבון זה ,פיננסי
פתיחת חשבון בנק ,פיננסי
שמות מורשים לפעול בחשבון מיופי כוח,פיננסי
מועד פתיחת חשבון,פיננסי
שווי סך כמות ניירות הערך המוחזקים לפי שער הסגירה נקבע ביום המסחר האחרון של השנה,פיננסי
הסך הכל וצג בשקלים לפי השער היציג ליום,פיננסי
מסגרות אשראי מנוצלות כרטיסי אשראי,פיננסי
היתרה מחושבת לפי ממוצע פשוט ,פיננסי
יתרה מצטברת שנתית חלקי 12 חודשים בשנה,פיננסי
סוג מסגרת/תכנית/מסלול,פיננסי
סכום המסגרת,פיננסי
שיעור ריבית נומינלית,פיננסי
שיעור ריבית מתואמת,פיננסי
ריבית על יתרות זכות בחשבון,פיננסי
חושבו ללא הזיכויים שניתנו בחשבון בקשר עם הקלות ,פיננסי
האמור בדוח אינו כולל פעיחות בכרטיסי חיוב שאינם בנקאיםם,פיננסי
הריבית הנקובה במסמכי העסקה,פיננסי
בהתאם לחוק נתוני האשראי,פיננסי
תוקף המסגרת בכרטיס האשראי אינו מתייחס לתקופה של מסגרת חד צדדית שהועמדה אם יש כזו,פיננסי
סוג חשבון,פיננסי
מעביר משכורת,פיננסי
"יתרת עו""ש ליום דוח החשבון",פיננסי
מסגרת אשראי בחשבון עובר ושב ,פיננסי
המוסדות שהעבירו זיכויים לחשבון במהלך תקופת הדוח,פיננסי
מועד זיכוי אחרון לתקופת הדוח,פיננסי
חיובים על פי הרשאה,פיננסי
פירוט דמי ניהול ניירות ערך ישראלים וזרים שנגבו מחשבונך במהלך החודשים,פיננסי
מספר כרטיס החיוב ,פיננסי
שם מחזיק הכרטיס,פיננסי
סוג כרטיס החיוב,פיננסי
ארבע ספרות אחרונות של הכרטיס,פיננסי
החשבון שלך נמצא במינוס,פיננסי
הגעת לגבול מסגרת האשראי שלך.,פיננסי
היתרה בחשבון לא מאפשרת ביצוע העברה,פיננסי
ביצעת העברה לשיעורין,פיננסי
החזר הלוואה בוצע בהצלחה,פיננסי
לחשבון שלך לא הוזן סך מינימלי לצורך ביצוע פעולה.,פיננסי
"נכון להיום, יתרת האשראי שלך עומדת על",פיננסי
שלחה אליך קבלה על העסקה שביצעת,פיננסי
ההפקדה בוצעה בהצלחה,פיננסי
"לנוחיותך, אנו מציעים שירות חיבור לחשבון בבנק.",פיננסי
אנו מעדכנים אותך על מצב החשבון שלך,פיננסי
החשבון שלך נמצא בעיקול,פיננסי
"החוב שלך לא שולם בזמן, אנא עדכן את פרטי התשלום",פיננסי
העסקה בוצעה בהצלחה לאחר בדיקה,פיננסי
הוראתך נרשמה בהצלחה,פיננסי
שם המעביר,פיננסי
לביצוע העברה נוספת,פיננסי
למעקב וצפייה בסטאטוס הוראתך צפה בפירוט/ביטול הוראות,פיננסי
אישור הלקוח,פיננסי
אישור הבנק,פיננסי
אתר המשכנתא החדש של בנק,פיננסי
יועצי המשכנתאות שלנו,פיננסי
שוק ההון,פיננסי
מסחר וכלים בקרנות נאמנות,פיננסי
אישורי מס לשנת,פיננסי
עדכון מסגרת אשראי,פיננסי
לחדש את הביטוח,תחבורה
ביטוח רכב,תחבורה
מספר רכב עדכני,תחבורה
התשלום עבור רישיון רכב בוצע בהצלחה,תחבורה
אגרת רישיון רכב משרד התחבורה,תחבורה
קובץ של רישיון הרכב המשולחם מצורף לדואר אלקטרוני זה,תחבורה
באפשרותך לגשת למכון הרישוי ולבצע מבחן כשירות תנועה שנתי ,תחבורה
למבחם כשירות התנועה טסט יש להגיע עם הרישיון שבידכם לאחר ששולחם או עם הדפסת הרישיון המשולם המתקבל בתום הליך התשלום,תחבורה
יש להגיע עם תעודת זהות של בערב הרכב וייפוי כוח ועם תעודת ביטוח חובה בתוקף,תחבורה
אגרת חידוש רישיון הרכב,תחבורה
בהתאם לתקנות התעבורה אין חובה לשאית רישיון רכב ורישיון נהיגה בעת הנסיעה,תחבורה
בתוקף עד,תחבורה
נסיעה,תחבורה
חלה חובה לשאת תעודה מזהה רשמית ומסמכים נוספים,תחבורה
מיד לאחר התשלום ניתן לגשת לבצע מבחן כשירות תנועה,תחבורה
טסט שנתי,תחבורה
רישיון הרכב תקף רק לאחר התשלום האגרה ועמידה במבחן כשירות תנועה,תחבורה
תעודת ביטוח חובה ,תחבורה
שם בעל הפוליסה,תחבורה
מספר הרישוי של הרכב,תחבורה
מועד תחילת הביטוח,תחבורה
המידע המופיע בתעודה זו הינו מידע שנמסר לנו על ידך בעת עריכת הביטוח,תחבורה
ברכב קיימת מערכת התרעה על אי שמירת מרחק,תחבורה
ברכב קיימת מערכת התרעה על סטייה מהנתיב,תחבורה
גיל הנהג הצעיר ביותר הצפוי לנהוג ברכב,תחבורה
מין האדם הצעיר ביותר הצפוי לנהוג ברכב הוא,תחבורה
שנת קבלת רישיון הנהיגה לרכב מסוג זה בישראל של הנהג הצעיר ביותר הצפוי לנהוג,תחבורה
מספר התאונות שהביאו לתביעות בביטוח רכב חובה בשלוש שנים האחרונות של כל הנהגים הצפויים לנהוג ברכב,תחבורה
מספר פסילות רישיון בשלוש השנים האחרונות של כל הנהגים הצפויים לנהוג ברכב הוא,תחבורה
מטרות השימות המותרות,תחבורה
בני האדם המורשים לנהוג ברכב ,תחבורה
כינוי מסחרי,תחבורה
"הספק כ""ס",תחבורה
רמת גימור,תחבורה
הוראת רישום,תחבורה
קוד,תחבורה
קבוצת רישוי,תחבורה
תוצר,תחבורה
דגם,תחבורה
בעלים נוספים,תחבורה
דרגת זיהום אוויר ,תחבורה
מקומות ישיבה למעט הנהג,תחבורה
תאריך רישום,תחבורה
רישום מקורי,תחבורה
תאריך הדפסה,תחבורה
תאריך בעלות,תחבורה
בעלים קודמים,תחבורה
מהם ליד הנהג,תחבורה
תוצר מנוע,תחבורה
דגם מנוע,תחבורה
מנוע,תחבורה
מספר מנוע,תחבורה
צבע,תחבורה
משקל עצמי,תחבורה
וו גרירה,תחבורה
צבע,תחבורה
הנעה,תחבורה
רישיון נהיגה מתאים,תחבורה
"בקשה לביטול דו""ח חניה",תחבורה
פניה לאגף שירותי חנייה,תחבורה
מעיון ברישומי הפקח וצילומי הרכב ,תחבורה
עולה כי הרכב הוחנה בתחום צומת ובניגוד להוראות סעיף,תחבורה
תו נכה,תחבורה
תג נכה ,תחבורה
תו חנייה ,תחבורה
תקנות התעבורה,תחבורה
כביש שש ,תחבורה
כביש 6,תחבורה
ניתן לשלם את הקנס עד ,תחבורה
"מצ""ב שובר לתשלום הקנס ",תחבורה
פגישתם של שני כבישים,תחבורה
קבלה לתשלום קנסות חניה,תחבורה
קבלה לתיקון הרכב,תחבורה
מוסך רשמי,תחבורה
כלמוביל ירושלים הוא מוסך מורשה ובהסדר איתנו ליונדאי,תחבורה
שגריר,תחבורה
הרכב עשה תאונה,תחבורה
המנוע של הרכב שלי לא עובד טוב,תחבורה
החלפתי את הגלגלים,תחבורה
גלגלים,תחבורה
מנוע,תחבורה
הגה,תחבורה
החניון היה מלא אז חניתי ברחוב,תחבורה
המצבר של הרכב התרוקן אני צריך להחליפו,תחבורה
התחלתי להשתמש במערכת ניווט חדשה ברכב,תחבורה
פנגו,תחבורה
וייז,תחבורה
אני צריך לשדרג את מערכת המולטימדיה ברכב,תחבורה
ביצעתי החלפת שמן לרכב היום,תחבורה
הרכב הוא בליסינג,תחבורה
ליסינג,תחבורה
יש לי ביטוח מקיף לרכב,תחבורה
אני מחפש רכב חסכוני בדלק,תחבורה
הייתה לי בעיה במרכת ההגה של הרכב,תחבורה
הרכב שלי חנה בחניון מרכזי,תחבורה
הגעתי למוסך כדי לתקן את הרכב,תחבורה
צריך להחליף את הצמיגים לרכב,תחבורה
הרכב שלי לא מניע כנראה שהמצבר גמר,תחבורה
אני מחפש רכב לשנה החדשה,תחבורה
חידוש רישיון רכב,תחבורה
סוג הדלק של הרכב הוא 95,תחבורה
המערכת של GPS ברכב לא מדויקת,תחבורה
הרכב עבר תאונה,תחבורה
יש לי חיישני חנייה ברכב,תחבורה
התחלתי להשתמש ברכב חשמלי,תחבורה
חידת ההנעה החשמלית,תחבורה
מספר רכב,תחבורה
